{"loss": [1.4934180974960327, 0.8114813566207886, 0.7074392437934875, 0.6338930726051331, 0.5676859617233276, 0.5578752160072327, 0.5282952189445496, 0.5028515458106995, 0.4958288371562958, 0.47521883249282837, 0.4507431387901306, 0.44612109661102295, 0.44603389501571655, 0.43056097626686096, 0.4315391182899475, 0.421017050743103, 0.41231420636177063, 0.41953161358833313, 0.3866531550884247, 0.4058997333049774], "accuracy": [0.5365896224975586, 0.6780462265014648, 0.7202380895614624, 0.7554271817207336, 0.7815126180648804, 0.7801120281219482, 0.8051470518112183, 0.8091736435890198, 0.8121498823165894, 0.8202030658721924, 0.8308823704719543, 0.8294817805290222, 0.8296568393707275, 0.8391106724739075, 0.831932783126831, 0.8415616154670715, 0.8433123230934143, 0.836834728717804, 0.8532913327217102, 0.8445377945899963], "precision_6": [0.5749039649963379, 0.7413000464439392, 0.7691673636436462, 0.802751362323761, 0.8188166618347168, 0.8213515877723694, 0.8353121280670166, 0.8391768336296082, 0.8385022878646851, 0.8475344777107239, 0.856311023235321, 0.8578136563301086, 0.8576505780220032, 0.8621848821640015, 0.8600900173187256, 0.860813319683075, 0.8657184839248657, 0.8592124581336975, 0.8740055561065674, 0.8680118322372437], "recall_6": [0.47163864970207214, 0.5929622054100037, 0.6533613204956055, 0.6946778893470764, 0.7389705777168274, 0.7340686321258545, 0.7636554837226868, 0.7710084319114685, 0.776260495185852, 0.7853641510009766, 0.7981442809104919, 0.7995448112487793, 0.8026960492134094, 0.8082982897758484, 0.8028711676597595, 0.8153011202812195, 0.8205532431602478, 0.8098739385604858, 0.8270308375358582, 0.8209033608436584], "val_loss": [0.6770508289337158, 0.593025803565979, 0.5240862965583801, 0.48316866159439087, 0.4469146132469177, 0.4502526819705963, 0.42606955766677856, 0.40658122301101685, 0.41875895857810974, 0.3849290609359741, 0.3967909514904022, 0.3786872625350952, 0.3831624388694763, 0.3533129394054413, 0.3628178536891937, 0.35293519496917725, 0.35226550698280334, 0.34753501415252686, 0.3252454698085785, 0.33810293674468994], "val_accuracy": [0.7622682452201843, 0.7731733918190002, 0.8113413453102112, 0.8080697655677795, 0.8244274854660034, 0.8233369588851929, 0.8484187722206116, 0.8451471924781799, 0.8309705853462219, 0.8549618124961853, 0.8386041522026062, 0.8495092988014221, 0.8386041522026062, 0.8571428656578064, 0.8505997657775879, 0.8538713455200195, 0.8593238592147827, 0.8647764325141907, 0.8756815791130066, 0.8593238592147827], "val_precision_6": [0.8754098415374756, 0.8320610523223877, 0.8600000143051147, 0.8571428656578064, 0.859880268573761, 0.8538011908531189, 0.8841978311538696, 0.8708920478820801, 0.8676996231079102, 0.8764568567276001, 0.8704358339309692, 0.8705202341079712, 0.8645833134651184, 0.8846597671508789, 0.8701149225234985, 0.8807017803192139, 0.888628363609314, 0.8962264060974121, 0.8918296694755554, 0.8879813551902771], "val_recall_6": [0.5823336839675903, 0.7131952047348022, 0.7502726316452026, 0.7786259651184082, 0.7829880118370056, 0.7960741519927979, 0.7993456721305847, 0.8091602921485901, 0.7938931584358215, 0.820065438747406, 0.8058887720108032, 0.8211559653282166, 0.814612865447998, 0.8364230990409851, 0.825518012046814, 0.8211559653282166, 0.8266084790229797, 0.8287895321846008, 0.8451471924781799, 0.8298800587654114]}