{"loss": [1.1891167163848877, 0.632079541683197, 0.550592303276062, 0.5092252492904663, 0.46335628628730774, 0.4342344403266907, 0.4114265441894531, 0.3818802535533905, 0.3820371627807617, 0.36599001288414, 0.35372719168663025, 0.3396146297454834, 0.3234354555606842, 0.31421464681625366, 0.31235504150390625, 0.30415990948677063, 0.28386181592941284, 0.28862035274505615, 0.27639392018318176, 0.2759215533733368], "accuracy": [0.6307772994041443, 0.7477241158485413, 0.78746497631073, 0.8074229955673218, 0.8205532431602478, 0.8331582546234131, 0.8424369692802429, 0.8546918630599976, 0.8536414504051208, 0.8581932783126831, 0.8676470518112183, 0.8709734082221985, 0.8797268867492676, 0.8781512379646301, 0.8767507076263428, 0.880602240562439, 0.8872548937797546, 0.893732488155365, 0.8918067216873169, 0.8916316628456116], "precision_7": [0.6718162894248962, 0.794487714767456, 0.824816107749939, 0.8367230296134949, 0.8523198962211609, 0.8578633069992065, 0.8659352660179138, 0.8748853206634521, 0.8771186470985413, 0.8789551258087158, 0.8846153616905212, 0.8881590962409973, 0.8940770626068115, 0.8936479091644287, 0.8932655453681946, 0.892451822757721, 0.8999278545379639, 0.9058887362480164, 0.9037423729896545, 0.9051646590232849], "recall_7": [0.5633753538131714, 0.6964285969734192, 0.7459734082221985, 0.7706582546234131, 0.7911414504051208, 0.8040966391563416, 0.8153011202812195, 0.8349089622497559, 0.8335084319114685, 0.8364846110343933, 0.845588207244873, 0.8522409200668335, 0.8615196347236633, 0.8620448112487793, 0.8615196347236633, 0.8672969341278076, 0.873774528503418, 0.8779761791229248, 0.8793767690658569, 0.880602240562439], "val_loss": [0.6465944647789001, 0.564975380897522, 0.49878016114234924, 0.49567317962646484, 0.4428546130657196, 0.4425216615200043, 0.4239208698272705, 0.4741809070110321, 0.4182182550430298, 0.3823402225971222, 0.3670039176940918, 0.35441267490386963, 0.3399658501148224, 0.35048937797546387, 0.3297732174396515, 0.340053915977478, 0.3504820764064789, 0.34131258726119995, 0.30538859963417053, 0.28905948996543884], "val_accuracy": [0.7480915784835815, 0.787350058555603, 0.7895310521125793, 0.798255205154419, 0.8244274854660034, 0.825518012046814, 0.8233369588851929, 0.8091602921485901, 0.8266084790229797, 0.8418756723403931, 0.8342421054840088, 0.8451471924781799, 0.8636859059333801, 0.847328245639801, 0.8680480122566223, 0.8615049123764038, 0.8451471924781799, 0.8604143857955933, 0.874591052532196, 0.8767721056938171], "val_precision_7": [0.8154450058937073, 0.8312342762947083, 0.8333333134651184, 0.8341231942176819, 0.8516355156898499, 0.8480278253555298, 0.8559814095497131, 0.8251428604125977, 0.8518518805503845, 0.8587570786476135, 0.8642691373825073, 0.8649262189865112, 0.8794084191322327, 0.8696655035018921, 0.8782122731208801, 0.8719100952148438, 0.8649885654449463, 0.8737316727638245, 0.8833333253860474, 0.889515221118927], "val_recall_7": [0.6793892979621887, 0.7197383046150208, 0.752453625202179, 0.7677208185195923, 0.7949836254119873, 0.7971646785736084, 0.8037077188491821, 0.787350058555603, 0.8026172518730164, 0.8287895321846008, 0.8124318718910217, 0.8309705853462219, 0.8429661989212036, 0.8222464323043823, 0.8571428656578064, 0.8462377190589905, 0.8244274854660034, 0.8451471924781799, 0.8669574856758118, 0.8604143857955933]}