{"loss": [1.3216073513031006, 0.7163984775543213, 0.6103395223617554, 0.5478026866912842, 0.49216803908348083, 0.47467708587646484, 0.44374293088912964, 0.4210960268974304, 0.4024233818054199, 0.39281389117240906, 0.37944740056991577, 0.3523511588573456, 0.35991477966308594, 0.3520897924900055, 0.3371085226535797, 0.33565977215766907, 0.3197507858276367, 0.31698280572891235, 0.3058999478816986, 0.30323097109794617], "accuracy": [0.5964635610580444, 0.7144607901573181, 0.761904776096344, 0.7872899174690247, 0.8140756487846375, 0.8245798349380493, 0.8326330780982971, 0.8405112028121948, 0.8466386795043945, 0.8543417453765869, 0.8520658016204834, 0.8644958138465881, 0.8609943985939026, 0.8674719929695129, 0.8721988797187805, 0.8735994100570679, 0.8804271817207336, 0.8800770044326782, 0.8853291273117065, 0.8802521228790283], "precision_1": [0.6393584609031677, 0.7750945091247559, 0.8049067854881287, 0.8256310820579529, 0.8451268076896667, 0.8497262597084045, 0.8571428656578064, 0.8664300441741943, 0.8730158805847168, 0.8754146695137024, 0.8724733591079712, 0.8811520338058472, 0.879905104637146, 0.8866788148880005, 0.8882213830947876, 0.8904632329940796, 0.8963947296142578, 0.8940601348876953, 0.895991325378418, 0.894926905632019], "recall_1": [0.5164566040039062, 0.6461834907531738, 0.7179622054100037, 0.744397759437561, 0.7757353186607361, 0.7879902124404907, 0.8035714030265808, 0.8119747638702393, 0.8184523582458496, 0.8315826058387756, 0.831232488155365, 0.8462885022163391, 0.8440126180648804, 0.850665271282196, 0.8541666865348816, 0.8581932783126831, 0.861869752407074, 0.8643207550048828, 0.868697464466095, 0.8678221106529236], "val_loss": [0.6918900609016418, 0.5753207206726074, 0.5287105441093445, 0.49181586503982544, 0.44128668308258057, 0.45734933018684387, 0.39602285623550415, 0.3840160071849823, 0.38645368814468384, 0.39214277267456055, 0.3715164363384247, 0.3509991466999054, 0.343430757522583, 0.33043041825294495, 0.30918705463409424, 0.30684512853622437, 0.3142542541027069, 0.2805294394493103, 0.2811523675918579, 0.2998884320259094], "val_accuracy": [0.7568157315254211, 0.7960741519927979, 0.8113413453102112, 0.8113413453102112, 0.8222464323043823, 0.814612865447998, 0.8364230990409851, 0.8451471924781799, 0.8364230990409851, 0.8375136256217957, 0.8342421054840088, 0.8516902923583984, 0.8495092988014221, 0.8625954389572144, 0.874591052532196, 0.8636859059333801, 0.8615049123764038, 0.8887677192687988, 0.8909487724304199, 0.8767721056938171], "val_precision_1": [0.8338235020637512, 0.8664921522140503, 0.8467065691947937, 0.8702101111412048, 0.8469626307487488, 0.8538922071456909, 0.8726190328598022, 0.869767427444458, 0.8602771162986755, 0.8507462739944458, 0.8534883856773376, 0.8766006827354431, 0.8710801601409912, 0.8767123222351074, 0.8846153616905212, 0.8737429976463318, 0.8804100155830383, 0.8940914273262024, 0.900335967540741, 0.8938356041908264], "val_recall_1": [0.6183205842971802, 0.7219192981719971, 0.7709923386573792, 0.7677208185195923, 0.7906215786933899, 0.7775354385375977, 0.7993456721305847, 0.8157033920288086, 0.8124318718910217, 0.8080697655677795, 0.8004361987113953, 0.8211559653282166, 0.8178843855857849, 0.8375136256217957, 0.852780818939209, 0.852780818939209, 0.8429661989212036, 0.874591052532196, 0.8767721056938171, 0.8538713455200195]}