{"loss": [1.6498420238494873, 1.2009724378585815, 1.1282546520233154, 1.0836334228515625, 1.0383751392364502, 1.012703776359558, 0.9800130128860474, 0.956855833530426, 0.9417881965637207, 0.9303334355354309, 0.9094027280807495, 0.8983721733093262, 0.8836976885795593, 0.8757596015930176, 0.8662906289100647, 0.8593596816062927, 0.8624986410140991, 0.8568177819252014, 0.8423181772232056, 0.8363953232765198], "accuracy": [0.3520658314228058, 0.4355742335319519, 0.4793417453765869, 0.5087534785270691, 0.5309873819351196, 0.5474439859390259, 0.5675770044326782, 0.5779061913490295, 0.5831582546234131, 0.5889355540275574, 0.59996497631073, 0.6078431606292725, 0.6085433959960938, 0.6115196347236633, 0.6136204600334167, 0.6113445162773132, 0.6132702827453613, 0.6223739385604858, 0.6232492923736572, 0.6314775943756104], "precision": [0.46775129437446594, 0.7087312340736389, 0.725578784942627, 0.7164031863212585, 0.6972000002861023, 0.7037037014961243, 0.7056381702423096, 0.7175725102424622, 0.7078474760055542, 0.701996922492981, 0.7122365236282349, 0.7045645713806152, 0.7167792916297913, 0.7205758094787598, 0.7144420146942139, 0.7166035771369934, 0.7185741066932678, 0.7091863751411438, 0.7108277082443237, 0.7163870930671692], "recall": [0.1409313678741455, 0.18189775943756104, 0.22496499121189117, 0.2538515329360962, 0.30514705181121826, 0.3293067216873169, 0.3571428656578064, 0.3767507076263428, 0.39320728182792664, 0.40003502368927, 0.42594537138938904, 0.4404761791229248, 0.4457283020019531, 0.44695377349853516, 0.4572829008102417, 0.46393558382987976, 0.469362735748291, 0.4730392098426819, 0.4781162440776825, 0.4859943985939026], "val_loss": [1.2459181547164917, 1.1679695844650269, 1.1041700839996338, 1.0856719017028809, 1.0193521976470947, 0.9908444881439209, 0.9798901677131653, 0.962660014629364, 0.945042610168457, 0.9210836887359619, 0.9100500345230103, 0.8973703384399414, 0.8874887824058533, 0.9088329672813416, 0.88351970911026, 0.8549764156341553, 0.8611948490142822, 0.8959921002388, 0.8470529913902283, 0.8365733027458191], "val_accuracy": [0.43184295296669006, 0.5179934501647949, 0.5256270170211792, 0.5703380703926086, 0.5986914038658142, 0.5659760236740112, 0.5976008772850037, 0.5954198241233826, 0.6008723974227905, 0.6270447373390198, 0.6335877776145935, 0.6335877776145935, 0.6215921640396118, 0.612868070602417, 0.6434023976325989, 0.6477644443511963, 0.6314067840576172, 0.6390403509140015, 0.6641221642494202, 0.6532170176506042], "val_precision": [0.8429751992225647, 0.800000011920929, 0.7990430593490601, 0.8019323945045471, 0.739393949508667, 0.7083333134651184, 0.7238979339599609, 0.6886447072029114, 0.6892361044883728, 0.6950240731239319, 0.7014681696891785, 0.7020280957221985, 0.7112135291099548, 0.7100775241851807, 0.704049825668335, 0.7184324860572815, 0.7290322780609131, 0.7137681245803833, 0.7389770746231079, 0.7326120734214783], "val_recall": [0.11123228073120117, 0.13958559930324554, 0.1821155995130539, 0.18102508783340454, 0.26608505845069885, 0.3707742691040039, 0.34023991227149963, 0.410032719373703, 0.4329334795475006, 0.4721919298171997, 0.46892037987709045, 0.4907306432723999, 0.5049073100090027, 0.4994547367095947, 0.4929116666316986, 0.539803683757782, 0.4929116666316986, 0.42966192960739136, 0.45692476630210876, 0.5169029235839844]}