{"loss": [1.1702232360839844, 0.8250108957290649, 0.7299938201904297, 0.6459925770759583, 0.6145640015602112, 0.593559980392456, 0.5656384229660034, 0.5555318593978882, 0.5443732738494873, 0.5389478802680969, 0.5217267870903015, 0.5077140927314758, 0.5000028610229492, 0.4996251165866852, 0.5070151686668396, 0.4915255606174469, 0.490973562002182, 0.4879564046859741, 0.4776120185852051, 0.47921696305274963], "accuracy": [0.49929970502853394, 0.6706932783126831, 0.7093837261199951, 0.7429971694946289, 0.7620798349380493, 0.7661064267158508, 0.7788865566253662, 0.7909663915634155, 0.7920168042182922, 0.7941176295280457, 0.805672287940979, 0.8072478771209717, 0.8121498823165894, 0.8161764740943909, 0.8046218752861023, 0.8086484670639038, 0.8088235259056091, 0.8149510025978088, 0.8161764740943909, 0.8167017102241516], "precision_8": [0.5945419073104858, 0.7530556321144104, 0.7783699631690979, 0.8009220361709595, 0.8139155507087708, 0.8115971088409424, 0.8222748637199402, 0.8272833824157715, 0.8321225047111511, 0.8347333669662476, 0.8407385945320129, 0.8419634103775024, 0.8435400128364563, 0.8473895788192749, 0.8373875021934509, 0.8446139097213745, 0.8429988622665405, 0.8492472171783447, 0.847467303276062, 0.8468536734580994], "recall_8": [0.3203781545162201, 0.5285364389419556, 0.6136204600334167, 0.6691176295280457, 0.6983543634414673, 0.7081582546234131, 0.7289915680885315, 0.7421218752861023, 0.7419467568397522, 0.7480742335319519, 0.7652310729026794, 0.7657563090324402, 0.7692577242851257, 0.7757353186607361, 0.7654061913490295, 0.775560200214386, 0.7736344337463379, 0.7801120281219482, 0.7820377945899963, 0.7822129130363464], "val_loss": [0.7749815583229065, 0.6844411492347717, 0.5625684261322021, 0.5473352670669556, 0.5286924242973328, 0.5309518575668335, 0.5272691249847412, 0.520340621471405, 0.49822038412094116, 0.4899050295352936, 0.5106645226478577, 0.504991888999939, 0.49689731001853943, 0.43651750683784485, 0.4771830141544342, 0.45128732919692993, 0.4755406975746155, 0.4327736496925354, 0.443814754486084, 0.44402065873146057], "val_accuracy": [0.7393674850463867, 0.7404580116271973, 0.8026172518730164, 0.7971646785736084, 0.814612865447998, 0.787350058555603, 0.8080697655677795, 0.8015267252922058, 0.8113413453102112, 0.8113413453102112, 0.8113413453102112, 0.8091602921485901, 0.8124318718910217, 0.8505997657775879, 0.820065438747406, 0.8418756723403931, 0.820065438747406, 0.8484187722206116, 0.8353326320648193, 0.825518012046814], "val_precision_8": [0.8812877535820007, 0.8133704662322998, 0.8547557592391968, 0.8522727489471436, 0.8583850860595703, 0.8354114890098572, 0.8400474190711975, 0.8327316641807556, 0.8535414338111877, 0.8395784497261047, 0.8441558480262756, 0.8345070481300354, 0.8376470804214478, 0.8758782148361206, 0.842285692691803, 0.8606271743774414, 0.8475750684738159, 0.8667439222335815, 0.8698225021362305, 0.8557919859886169], "val_recall_8": [0.47764450311660767, 0.6368592977523804, 0.7251908183097839, 0.7360959649085999, 0.7535441517829895, 0.7306433916091919, 0.7731733918190002, 0.7546346783638, 0.7753544449806213, 0.7818974852561951, 0.7797164916992188, 0.7753544449806213, 0.7764449119567871, 0.8157033920288086, 0.8037077188491821, 0.8080697655677795, 0.8004361987113953, 0.8157033920288086, 0.8015267252922058, 0.7895310521125793]}