{"loss": [0.8346038460731506, 0.4823170602321625, 0.3971598744392395, 0.3597028851509094, 0.3299941122531891, 0.3057323098182678, 0.2916122376918793, 0.26440632343292236, 0.25294730067253113, 0.25881409645080566, 0.23584674298763275, 0.2342216819524765, 0.21430477499961853, 0.20971564948558807, 0.20286421477794647, 0.18730607628822327, 0.18945224583148956, 0.1812550276517868, 0.17609679698944092, 0.1696566343307495], "accuracy": [0.7013305425643921, 0.8203781247138977, 0.8517156839370728, 0.8664215803146362, 0.8774510025978088, 0.8883053064346313, 0.892507016658783, 0.9009103775024414, 0.9101890921592712, 0.9003851413726807, 0.91246497631073, 0.9121148586273193, 0.9217436909675598, 0.9217436909675598, 0.9254201650619507, 0.9275209903717041, 0.9308473467826843, 0.9313725233078003, 0.9353991746902466, 0.9371498823165894], "precision_9": [0.7454471588134766, 0.8508110046386719, 0.871378481388092, 0.8824922442436218, 0.8921657204627991, 0.9003238677978516, 0.9038184285163879, 0.9115853905677795, 0.9174540638923645, 0.9100661277770996, 0.922336995601654, 0.920407772064209, 0.9295749664306641, 0.9287107586860657, 0.9314559102058411, 0.9339722990989685, 0.9359291791915894, 0.9360948801040649, 0.9401482939720154, 0.9424129724502563], "recall_9": [0.644957959651947, 0.7897409200668335, 0.8266806602478027, 0.8480392098426819, 0.8632702827453613, 0.8760504126548767, 0.8785014152526855, 0.8898809552192688, 0.9009103775024414, 0.8911064267158508, 0.9065126180648804, 0.9009103775024414, 0.9150910377502441, 0.9168417453765869, 0.9206932783126831, 0.9212185144424438, 0.9257702827453613, 0.9257702827453613, 0.9322478771209717, 0.9339985847473145], "val_loss": [0.45944976806640625, 0.3847824037075043, 0.37715184688568115, 0.31239598989486694, 0.3063395321369171, 0.281996488571167, 0.3380870819091797, 0.2536948025226593, 0.24245430529117584, 0.2348586916923523, 0.22397616505622864, 0.23317883908748627, 0.2127901315689087, 0.21877382695674896, 0.194946750998497, 0.20282113552093506, 0.1814337521791458, 0.17806638777256012, 0.18394899368286133, 0.17540527880191803], "val_accuracy": [0.8244274854660034, 0.8516902923583984, 0.8484187722206116, 0.880043625831604, 0.8844056725502014, 0.8898582458496094, 0.8767721056938171, 0.8931297659873962, 0.9094874858856201, 0.9083969593048096, 0.9149399995803833, 0.9160305261611938, 0.9291166663169861, 0.9236640930175781, 0.9258451461791992, 0.9247546195983887, 0.9356597661972046, 0.934569239616394, 0.9367502927780151, 0.940021812915802], "val_precision_9": [0.8731343150138855, 0.8845700621604919, 0.8773364424705505, 0.8989784121513367, 0.8982856869697571, 0.900789201259613, 0.8875278234481812, 0.9060402512550354, 0.921436607837677, 0.9168514609336853, 0.9274553656578064, 0.9235033392906189, 0.932372510433197, 0.9324473738670349, 0.9325221180915833, 0.927937924861908, 0.9394273161888123, 0.9411764740943909, 0.9406593441963196, 0.9439560174942017], "val_recall_9": [0.765539824962616, 0.8189749121665955, 0.8189749121665955, 0.8636859059333801, 0.8571428656578064, 0.8713195323944092, 0.8691384792327881, 0.8833151459693909, 0.8953108191490173, 0.9018538594245911, 0.9062159061431885, 0.9083969593048096, 0.9171210527420044, 0.9182115793228149, 0.9193020462989807, 0.912759006023407, 0.9302071928977966, 0.9247546195983887, 0.9334787130355835, 0.9367502927780151]}